PERMNO,date,SHRCD,EXCHCD,SICCD,NCUSIP,TICKER,COMNAM,PRIMEXCH,TRDSTAT,SECSTAT,PERMCO,HEXCD,HSICCD,DLRET,PRC,VOL,RET,SHROUT,CFACPR,CFACSHR,OPENPRC,vwretd,ewretd,sprtrn
14593,2019/01/02,11,3,3571,03783310,AAPL,APPLE INC,Q,A,R,7,3,3571,,157.92000,37066356,0.001141,4729803,4,4,154.89000,0.001796,0.017126,0.001269
14593,2019/01/03,11,3,3571,03783310,AAPL,APPLE INC,Q,A,R,7,3,3571,,142.19000,91373695,-0.099607,4729803,4,4,143.98000,-0.021043,-0.009454,-0.024757
14593,2019/01/04,11,3,3571,03783310,AAPL,APPLE INC,Q,A,R,7,3,3571,,148.25999,58603001,0.042689,4729803,4,4,144.53000,0.033410,0.030804,0.034336
14593,2019/01/07,11,3,3571,03783310,AAPL,APPLE INC,Q,A,R,7,3,3571,,147.92999,54770364,-0.002226,4729803,4,4,148.70000,0.009202,0.016144,0.007010
14593,2019/01/08,11,3,3571,03783310,AAPL,APPLE INC,Q,A,R,7,3,3571,,150.75000,41026062,0.019063,4729803,4,4,149.56000,0.010269,0.010358,0.009695
14593,2019/01/09,11,3,3571,03783310,AAPL,APPLE INC,Q,A,R,7,3,3571,,153.31000,45098881,0.016982,4729803,4,4,151.28999,0.006199,0.010306,0.004098
14593,2019/01/10,11,3,3571,03783310,AAPL,APPLE INC,Q,A,R,7,3,3571,,153.80000,35778275,0.003196,4729803,4,4,152.50000,0.004474,0.002611,0.004518
14593,2019/01/11,11,3,3571,03783310,AAPL,APPLE INC,Q,A,R,7,3,3571,,152.28999,27017204,-0.009818,4729803,4,4,152.88000,-0.000152,0.001293,-0.000146
14593,2019/01/14,11,3,3571,03783310,AAPL,APPLE INC,Q,A,R,7,3,3571,,150.00000,32468877,-0.015037,4729803,4,4,150.85001,-0.005465,-0.005852,-0.005258
14593,2019/01/15,11,3,3571,03783310,AAPL,APPLE INC,Q,A,R,7,3,3571,,153.07001,28707624,0.020467,4729803,4,4,150.27000,0.009839,0.006546,0.010722
14593,2019/01/16,11,3,3571,03783310,AAPL,APPLE INC,Q,A,R,7,3,3571,,154.94000,31038506,0.012217,4729803,4,4,153.08000,0.003177,0.004831,0.002222
14593,2019/01/17,11,3,3571,03783310,AAPL,APPLE INC,Q,A,R,7,3,3571,,155.86000,29820196,0.005938,4729803,4,4,154.20000,0.007082,0.005101,0.007591
14593,2019/01/18,11,3,3571,03783310,AAPL,APPLE INC,Q,A,R,7,3,3571,,156.82001,33747398,0.006159,4715280,4,4,157.50000,0.012032,0.008534,0.013183
14593,2019/01/22,11,3,3571,03783310,AAPL,APPLE INC,Q,A,R,7,3,3571,,153.30000,30390836,-0.022446,4715280,4,4,156.41000,-0.014150,-0.013514,-0.014157
14593,2019/01/23,11,3,3571,03783310,AAPL,APPLE INC,Q,A,R,7,3,3571,,153.92000,23128770,0.004044,4715280,4,4,154.14999,0.001313,-0.000571,0.002203
14593,2019/01/24,11,3,3571,03783310,AAPL,APPLE INC,Q,A,R,7,3,3571,,152.70000,25439969,-0.007926,4715280,4,4,154.11000,0.002789,0.005460,0.001376
14593,2019/01/25,11,3,3571,03783310,AAPL,APPLE INC,Q,A,R,7,3,3571,,157.75999,33543693,0.033137,4715280,4,4,155.48000,0.009553,0.010818,0.008489
14593,2019/01/28,11,3,3571,03783310,AAPL,APPLE INC,Q,A,R,7,3,3571,,156.30000,26189758,-0.009255,4715280,4,4,155.78999,-0.006493,-0.003899,-0.007847
14593,2019/01/29,11,3,3571,03783310,AAPL,APPLE INC,Q,A,R,7,3,3571,,154.67999,41582339,-0.010365,4715280,4,4,156.25000,-0.000918,0.000164,-0.001456
14593,2019/01/30,11,3,3571,03783310,AAPL,APPLE INC,Q,A,R,7,3,3571,,165.25000,61110767,0.068335,4715280,4,4,163.25000,0.014357,0.009789,0.015549
14593,2019/01/31,11,3,3571,03783310,AAPL,APPLE INC,Q,A,R,7,3,3571,,166.44000,40735850,0.007201,4715280,4,4,166.11000,0.008467,0.007008,0.008597
14593,2019/02/01,11,3,3571,03783310,AAPL,APPLE INC,Q,A,R,7,3,3571,,166.52000,32678838,0.000481,4715280,4,4,166.96001,0.001418,0.002960,0.000899
14593,2019/02/04,11,3,3571,03783310,AAPL,APPLE INC,Q,A,R,7,3,3571,,171.25000,31493982,0.028405,4715280,4,4,167.41000,0.006692,0.007317,0.006776
14593,2019/02/05,11,3,3571,03783310,AAPL,APPLE INC,Q,A,R,7,3,3571,,174.17999,36099339,0.017109,4715280,4,4,172.86000,0.004392,0.002633,0.004708
14593,2019/02/06,11,3,3571,03783310,AAPL,APPLE INC,Q,A,R,7,3,3571,,174.24001,28234691,0.000345,4715280,4,4,174.64999,-0.002529,-0.001374,-0.002224
14593,2019/02/07,11,3,3571,03783310,AAPL,APPLE INC,Q,A,R,7,3,3571,,170.94000,31758590,-0.018939,4715280,4,4,172.39999,-0.008815,-0.009004,-0.009357
14593,2019/02/08,11,3,3571,03783310,AAPL,APPLE INC,Q,A,R,7,3,3571,,170.41000,23818606,0.001170,4715280,4,4,168.99001,0.000651,-0.001107,0.000676
14593,2019/02/11,11,3,3571,03783310,AAPL,APPLE INC,Q,A,R,7,3,3571,,169.42999,20992225,-0.005751,4715280,4,4,171.05000,0.001262,0.003731,0.000709
14593,2019/02/12,11,3,3571,03783310,AAPL,APPLE INC,Q,A,R,7,3,3571,,170.89000,22289660,0.008617,4715280,4,4,170.10001,0.012367,0.010086,0.012890
14593,2019/02/13,11,3,3571,03783310,AAPL,APPLE INC,Q,A,R,7,3,3571,,170.17999,22492533,-0.004155,4715280,4,4,171.39000,0.002782,0.003827,0.003024
14593,2019/02/14,11,3,3571,03783310,AAPL,APPLE INC,Q,A,R,7,3,3571,,170.80000,21833598,0.003643,4715280,4,4,169.71001,-0.001423,0.000674,-0.002652
14593,2019/02/15,11,3,3571,03783310,AAPL,APPLE INC,Q,A,R,7,3,3571,,170.42000,24625614,-0.002225,4715280,4,4,171.25000,0.010835,0.009520,0.010879
14593,2019/02/19,11,3,3571,03783310,AAPL,APPLE INC,Q,A,R,7,3,3571,,170.92999,19268826,0.002993,4715280,4,4,169.71001,0.002351,0.005022,0.001499
14593,2019/02/20,11,3,3571,03783310,AAPL,APPLE INC,Q,A,R,7,3,3571,,172.03000,26111462,0.006435,4715280,4,4,171.19000,0.002105,0.001534,0.001777
14593,2019/02/21,11,3,3571,03783310,AAPL,APPLE INC,Q,A,R,7,3,3571,,171.06000,17247080,-0.005639,4715280,4,4,171.80000,-0.003534,-0.001722,-0.003526
14593,2019/02/22,11,3,3571,03783310,AAPL,APPLE INC,Q,A,R,7,3,3571,,172.97000,18907829,0.011166,4715280,4,4,171.58000,0.006367,0.007815,0.006411
14593,2019/02/25,11,3,3571,03783310,AAPL,APPLE INC,Q,A,R,7,3,3571,,174.23000,21870758,0.007284,4715280,4,4,174.16000,0.001355,0.002548,0.001232
14593,2019/02/26,11,3,3571,03783310,AAPL,APPLE INC,Q,A,R,7,3,3571,,174.33000,17068911,0.000574,4715280,4,4,173.71001,-0.001496,-0.002209,-0.000790
14593,2019/02/27,11,3,3571,03783310,AAPL,APPLE INC,Q,A,R,7,3,3571,,174.87000,27832500,0.003098,4715280,4,4,173.21001,0.000503,0.000165,-0.000544
14593,2019/02/28,11,3,3571,03783310,AAPL,APPLE INC,Q,A,R,7,3,3571,,173.14999,28214816,-0.009836,4715280,4,4,174.32001,-0.002832,-0.003329,-0.002826
14593,2019/03/01,11,3,3571,03783310,AAPL,APPLE INC,Q,A,R,7,3,3571,,174.97000,25884817,0.010511,4715280,4,4,174.28000,0.006074,0.005596,0.006895
14593,2019/03/04,11,3,3571,03783310,AAPL,APPLE INC,Q,A,R,7,3,3571,,175.85001,27448424,0.005029,4715280,4,4,175.69000,-0.004235,-0.002059,-0.003881
14593,2019/03/05,11,3,3571,03783310,AAPL,APPLE INC,Q,A,R,7,3,3571,,175.53000,19735919,-0.001820,4715280,4,4,175.94000,-0.001320,-0.001251,-0.001131
14593,2019/03/06,11,3,3571,03783310,AAPL,APPLE INC,Q,A,R,7,3,3571,,174.52000,20832292,-0.005754,4715280,4,4,174.67000,-0.007768,-0.012423,-0.006524
14593,2019/03/07,11,3,3571,03783310,AAPL,APPLE INC,Q,A,R,7,3,3571,,172.50000,24795166,-0.011575,4715280,4,4,173.87000,-0.007494,-0.005773,-0.008126
14593,2019/03/08,11,3,3571,03783310,AAPL,APPLE INC,Q,A,R,7,3,3571,,172.91000,23997584,0.002377,4715280,4,4,170.32001,-0.001900,-0.002342,-0.002132
14593,2019/03/11,11,3,3571,03783310,AAPL,APPLE INC,Q,A,R,7,3,3571,,178.89999,32008934,0.034642,4715280,4,4,175.49001,0.014348,0.013281,0.014666
14593,2019/03/12,11,3,3571,03783310,AAPL,APPLE INC,Q,A,R,7,3,3571,,180.91000,32466191,0.011235,4715280,4,4,180.00000,0.002743,0.002639,0.002953
14593,2019/03/13,11,3,3571,03783310,AAPL,APPLE INC,Q,A,R,7,3,3571,,181.71001,31032024,0.004422,4715280,4,4,182.25000,0.006419,0.004495,0.006950
14593,2019/03/14,11,3,3571,03783310,AAPL,APPLE INC,Q,A,R,7,3,3571,,183.73000,23579408,0.011117,4715280,4,4,183.89999,-0.000989,-0.001548,-0.000868
14593,2019/03/15,11,3,3571,03783310,AAPL,APPLE INC,Q,A,R,7,3,3571,,186.12000,39041265,0.013008,4715280,4,4,184.85001,0.004549,0.003170,0.004985
14593,2019/03/18,11,3,3571,03783310,AAPL,APPLE INC,Q,A,R,7,3,3571,,188.02000,26218632,0.010209,4715280,4,4,185.80000,0.004449,0.006075,0.003706
14593,2019/03/19,11,3,3571,03783310,AAPL,APPLE INC,Q,A,R,7,3,3571,,186.53000,31645700,-0.007925,4715280,4,4,188.35001,-0.000676,-0.001410,-0.000131
14593,2019/03/20,11,3,3571,03783310,AAPL,APPLE INC,Q,A,R,7,3,3571,,188.16000,31034436,0.008739,4715280,4,4,186.23000,-0.003146,-0.002614,-0.002944
14593,2019/03/21,11,3,3571,03783310,AAPL,APPLE INC,Q,A,R,7,3,3571,,195.09000,51035993,0.036830,4715280,4,4,190.02000,0.010294,0.005282,0.010853
14593,2019/03/22,11,3,3571,03783310,AAPL,APPLE INC,Q,A,R,7,3,3571,,191.05000,42405890,-0.020708,4715280,4,4,195.34000,-0.020352,-0.022043,-0.018975
14593,2019/03/25,11,3,3571,03783310,AAPL,APPLE INC,Q,A,R,7,3,3571,,188.74001,43844370,-0.012091,4715280,4,4,191.50999,-0.000328,-0.000245,-0.000839
14593,2019/03/26,11,3,3571,03783310,AAPL,APPLE INC,Q,A,R,7,3,3571,,186.78999,49798847,-0.010332,4715280,4,4,191.66400,0.007719,0.006267,0.007183
14593,2019/03/27,11,3,3571,03783310,AAPL,APPLE INC,Q,A,R,7,3,3571,,188.47000,29847108,0.008994,4715280,4,4,188.75000,-0.004686,-0.002540,-0.004644
14593,2019/03/28,11,3,3571,03783310,AAPL,APPLE INC,Q,A,R,7,3,3571,,188.72000,20779811,0.001326,4715280,4,4,188.95000,0.004111,0.003870,0.003590
14593,2019/03/29,11,3,3571,03783310,AAPL,APPLE INC,Q,A,R,7,3,3571,,189.95000,23561761,0.006518,4715280,4,4,189.83000,0.006019,0.002876,0.006734
14593,2019/04/01,11,3,3571,03783310,AAPL,APPLE INC,Q,A,R,7,3,3571,,191.24001,27858987,0.006791,4715280,4,4,191.64000,0.011239,0.009780,0.011569
14593,2019/04/02,11,3,3571,03783310,AAPL,APPLE INC,Q,A,R,7,3,3571,,194.02000,22791540,0.014537,4715280,4,4,191.09000,-0.000146,-0.000222,0.000017
14593,2019/04/03,11,3,3571,03783310,AAPL,APPLE INC,Q,A,R,7,3,3571,,195.35001,23271030,0.006855,4715280,4,4,193.25000,0.002548,0.002333,0.002148
14593,2019/04/04,11,3,3571,03783310,AAPL,APPLE INC,Q,A,R,7,3,3571,,195.69000,19303875,0.001740,4715280,4,4,194.78999,0.001939,0.002985,0.002085
14593,2019/04/05,11,3,3571,03783310,AAPL,APPLE INC,Q,A,R,7,3,3571,,197.00000,18524554,0.006694,4715280,4,4,196.45000,0.005114,0.007044,0.004636
14593,2019/04/08,11,3,3571,03783310,AAPL,APPLE INC,Q,A,R,7,3,3571,,200.10001,25890849,0.015736,4715280,4,4,196.42000,0.001042,0.001010,0.001047
14593,2019/04/09,11,3,3571,03783310,AAPL,APPLE INC,Q,A,R,7,3,3571,,199.50000,35767039,-0.002999,4715280,4,4,200.32001,-0.006282,-0.006985,-0.006067
14593,2019/04/10,11,3,3571,03783310,AAPL,APPLE INC,Q,A,R,7,3,3571,,200.62000,21694194,0.005614,4715280,4,4,198.67999,0.004781,0.006191,0.003478
14593,2019/04/11,11,3,3571,03783310,AAPL,APPLE INC,Q,A,R,7,3,3571,,198.95000,20901963,-0.008324,4715280,4,4,200.85001,-0.000123,-0.001768,0.000038
14593,2019/04/12,11,3,3571,03783310,AAPL,APPLE INC,Q,A,R,7,3,3571,,198.87000,27762780,-0.000402,4715280,4,4,199.20000,0.006427,0.002535,0.006609
14593,2019/04/15,11,3,3571,03783310,AAPL,APPLE INC,Q,A,R,7,3,3571,,199.23000,17542846,0.001810,4715280,4,4,198.58000,-0.001019,-0.003526,-0.000629
14593,2019/04/16,11,3,3571,03783310,AAPL,APPLE INC,Q,A,R,7,3,3571,,199.25000,25692516,0.000100,4715280,4,4,199.46001,0.000713,0.000853,0.000509
14593,2019/04/17,11,3,3571,03783310,AAPL,APPLE INC,Q,A,R,7,3,3571,,203.13000,29483980,0.019473,4715280,4,4,199.53999,-0.003057,-0.005654,-0.002274
14593,2019/04/18,11,3,3571,03783310,AAPL,APPLE INC,Q,A,R,7,3,3571,,203.86000,24195522,0.003594,4715280,4,4,203.12000,0.001078,-0.000348,0.001579
14593,2019/04/22,11,3,3571,03783310,AAPL,APPLE INC,Q,A,R,7,3,3571,,204.53000,19437945,0.003287,4601075,4,4,202.83000,0.000550,-0.001071,0.001012
14593,2019/04/23,11,3,3571,03783310,AAPL,APPLE INC,Q,A,R,7,3,3571,,207.48000,23320966,0.014423,4601075,4,4,204.42999,0.008919,0.008481,0.008841
14593,2019/04/24,11,3,3571,03783310,AAPL,APPLE INC,Q,A,R,7,3,3571,,207.16000,17540709,-0.001542,4601075,4,4,207.36000,-0.002067,-0.001668,-0.002192
14593,2019/04/25,11,3,3571,03783310,AAPL,APPLE INC,Q,A,R,7,3,3571,,205.28000,18548766,-0.009075,4601075,4,4,206.83000,-0.001464,-0.005200,-0.000369
14593,2019/04/26,11,3,3571,03783310,AAPL,APPLE INC,Q,A,R,7,3,3571,,204.30000,18648802,-0.004774,4601075,4,4,204.89999,0.005368,0.005863,0.004685
14593,2019/04/29,11,3,3571,03783310,AAPL,APPLE INC,Q,A,R,7,3,3571,,204.61000,22202685,0.001517,4601075,4,4,204.39999,0.001457,0.003016,0.001071
14593,2019/04/30,11,3,3571,03783310,AAPL,APPLE INC,Q,A,R,7,3,3571,,200.67000,46544289,-0.019256,4601075,4,4,203.06000,0.000358,-0.002453,0.000951
14593,2019/05/01,11,3,3571,03783310,AAPL,APPLE INC,Q,A,R,7,3,3571,,210.52000,64824888,0.049086,4601075,4,4,209.88000,-0.007552,-0.006304,-0.007502
14593,2019/05/02,11,3,3571,03783310,AAPL,APPLE INC,Q,A,R,7,3,3571,,209.14999,31991644,-0.006508,4601075,4,4,209.84000,-0.001670,-0.001115,-0.002124
14593,2019/05/03,11,3,3571,03783310,AAPL,APPLE INC,Q,A,R,7,3,3571,,211.75000,20889860,0.012431,4601075,4,4,210.89000,0.010903,0.013264,0.009638
14593,2019/05/06,11,3,3571,03783310,AAPL,APPLE INC,Q,A,R,7,3,3571,,208.48000,32462506,-0.015443,4601075,4,4,204.28999,-0.003819,-0.002032,-0.004471
14593,2019/05/07,11,3,3571,03783310,AAPL,APPLE INC,Q,A,R,7,3,3571,,202.86000,38762998,-0.026957,4601075,4,4,205.88000,-0.016138,-0.013079,-0.016512
14593,2019/05/08,11,3,3571,03783310,AAPL,APPLE INC,Q,A,R,7,3,3571,,202.89999,26338504,0.000197,4601075,4,4,201.89999,-0.001604,-0.000962,-0.001605
14593,2019/05/09,11,3,3571,03783310,AAPL,APPLE INC,Q,A,R,7,3,3571,,200.72000,34907732,-0.010744,4601075,4,4,200.39999,-0.002762,-0.004986,-0.003021
14593,2019/05/10,11,3,3571,03783310,AAPL,APPLE INC,Q,A,R,7,3,3571,,197.17999,41209333,-0.013800,4601075,4,4,197.41901,0.004061,0.001979,0.003720
14593,2019/05/13,11,3,3571,03783310,AAPL,APPLE INC,Q,A,R,7,3,3571,,185.72000,57428248,-0.058119,4601075,4,4,187.71001,-0.024490,-0.022620,-0.024131
14593,2019/05/14,11,3,3571,03783310,AAPL,APPLE INC,Q,A,R,7,3,3571,,188.66000,36528577,0.015830,4601075,4,4,186.41000,0.008972,0.009282,0.008016
14593,2019/05/15,11,3,3571,03783310,AAPL,APPLE INC,Q,A,R,7,3,3571,,190.92000,26543819,0.011979,4601075,4,4,186.27000,0.005735,0.003094,0.005839
14593,2019/05/16,11,3,3571,03783310,AAPL,APPLE INC,Q,A,R,7,3,3571,,190.08000,33055064,-0.004400,4601075,4,4,189.91000,0.008466,0.002113,0.008895
14593,2019/05/17,11,3,3571,03783310,AAPL,APPLE INC,Q,A,R,7,3,3571,,189.00000,32877900,-0.005682,4601075,4,4,186.92999,-0.006777,-0.009133,-0.005837
14593,2019/05/20,11,3,3571,03783310,AAPL,APPLE INC,Q,A,R,7,3,3571,,183.09000,38612734,-0.031270,4601075,4,4,183.52000,-0.006482,-0.005819,-0.006749
14593,2019/05/21,11,3,3571,03783310,AAPL,APPLE INC,Q,A,R,7,3,3571,,186.60001,28362748,0.019171,4601075,4,4,185.22000,0.008936,0.008194,0.008496
14593,2019/05/22,11,3,3571,03783310,AAPL,APPLE INC,Q,A,R,7,3,3571,,182.78000,29742557,-0.020472,4601075,4,4,184.66000,-0.003791,-0.006750,-0.002824
14593,2019/05/23,11,3,3571,03783310,AAPL,APPLE INC,Q,A,R,7,3,3571,,179.66000,36524451,-0.017070,4601075,4,4,179.80000,-0.012685,-0.014587,-0.011914
14593,2019/05/24,11,3,3571,03783310,AAPL,APPLE INC,Q,A,R,7,3,3571,,178.97000,23711486,-0.003841,4601075,4,4,180.20000,0.002769,0.004570,0.001354
14593,2019/05/28,11,3,3571,03783310,AAPL,APPLE INC,Q,A,R,7,3,3571,,178.23000,27943231,-0.004135,4601075,4,4,178.92000,-0.007504,-0.004871,-0.008376
14593,2019/05/29,11,3,3571,03783310,AAPL,APPLE INC,Q,A,R,7,3,3571,,177.38000,28478896,-0.004769,4601075,4,4,176.42000,-0.006890,-0.007024,-0.006912
14593,2019/05/30,11,3,3571,03783310,AAPL,APPLE INC,Q,A,R,7,3,3571,,178.30000,21210823,0.005187,4601075,4,4,177.95000,0.001395,-0.000323,0.002098
14593,2019/05/31,11,3,3571,03783310,AAPL,APPLE INC,Q,A,R,7,3,3571,,175.07001,27041199,-0.018116,4601075,4,4,176.23000,-0.011731,-0.009849,-0.013195
14593,2019/06/03,11,3,3571,03783310,AAPL,APPLE INC,Q,A,R,7,3,3571,,173.30000,40386569,-0.010110,4601075,4,4,175.60001,-0.002132,0.002028,-0.002765
14593,2019/06/04,11,3,3571,03783310,AAPL,APPLE INC,Q,A,R,7,3,3571,,179.64000,30956074,0.036584,4601075,4,4,175.44000,0.020888,0.016296,0.021432
14593,2019/06/05,11,3,3571,03783310,AAPL,APPLE INC,Q,A,R,7,3,3571,,182.53999,29761727,0.016143,4601075,4,4,184.28000,0.006480,-0.003716,0.008162
14593,2019/06/06,11,3,3571,03783310,AAPL,APPLE INC,Q,A,R,7,3,3571,,185.22000,22523211,0.014682,4601075,4,4,183.08000,0.005135,-0.002659,0.006136
14593,2019/06/07,11,3,3571,03783310,AAPL,APPLE INC,Q,A,R,7,3,3571,,190.14999,30672393,0.026617,4601075,4,4,186.50999,0.009671,0.006756,0.010498
14593,2019/06/10,11,3,3571,03783310,AAPL,APPLE INC,Q,A,R,7,3,3571,,192.58000,26213291,0.012779,4601075,4,4,191.81000,0.004786,0.005864,0.004660
14593,2019/06/11,11,3,3571,03783310,AAPL,APPLE INC,Q,A,R,7,3,3571,,194.81000,26923682,0.011580,4601075,4,4,194.86000,-0.000587,-0.000756,-0.000350
14593,2019/06/12,11,3,3571,03783310,AAPL,APPLE INC,Q,A,R,7,3,3571,,194.19000,18228389,-0.003183,4601075,4,4,193.95000,-0.001895,-0.001817,-0.002038
14593,2019/06/13,11,3,3571,03783310,AAPL,APPLE INC,Q,A,R,7,3,3571,,194.14999,21888245,-0.000206,4601075,4,4,194.70000,0.004882,0.007828,0.004097
14593,2019/06/14,11,3,3571,03783310,AAPL,APPLE INC,Q,A,R,7,3,3571,,192.74001,18741774,-0.007262,4601075,4,4,191.54500,-0.002723,-0.006331,-0.001612
14593,2019/06/17,11,3,3571,03783310,AAPL,APPLE INC,Q,A,R,7,3,3571,,193.89000,14663494,0.005967,4601075,4,4,192.89999,0.001583,0.002658,0.000932
14593,2019/06/18,11,3,3571,03783310,AAPL,APPLE INC,Q,A,R,7,3,3571,,198.45000,26552004,0.023518,4601075,4,4,196.05000,0.009988,0.009913,0.009717
14593,2019/06/19,11,3,3571,03783310,AAPL,APPLE INC,Q,A,R,7,3,3571,,197.87000,21122515,-0.002923,4601075,4,4,199.67999,0.003742,0.003660,0.002985
14593,2019/06/20,11,3,3571,03783310,AAPL,APPLE INC,Q,A,R,7,3,3571,,199.46001,21902988,0.008036,4601075,4,4,200.37000,0.008794,0.006415,0.009472
14593,2019/06/21,11,3,3571,03783310,AAPL,APPLE INC,Q,A,R,7,3,3571,,198.78000,47795010,-0.003409,4601075,4,4,198.80000,-0.002480,-0.003684,-0.001259
14593,2019/06/24,11,3,3571,03783310,AAPL,APPLE INC,Q,A,R,7,3,3571,,198.58000,18712221,-0.001006,4601075,4,4,198.53999,-0.002898,-0.006011,-0.001732
14593,2019/06/25,11,3,3571,03783310,AAPL,APPLE INC,Q,A,R,7,3,3571,,195.57001,21063643,-0.015158,4601075,4,4,198.42999,-0.008983,-0.006024,-0.009496
14593,2019/06/26,11,3,3571,03783310,AAPL,APPLE INC,Q,A,R,7,3,3571,,199.80000,26062169,0.021629,4601075,4,4,197.77000,-0.001030,0.000982,-0.001234
14593,2019/06/27,11,3,3571,03783310,AAPL,APPLE INC,Q,A,R,7,3,3571,,199.74001,20887907,-0.000300,4601075,4,4,200.28999,0.005851,0.009434,0.003823
14593,2019/06/28,11,3,3571,03783310,AAPL,APPLE INC,Q,A,R,7,3,3571,,197.92000,31090917,-0.009112,4531395,4,4,198.67999,0.006661,0.010004,0.005757
14593,2019/07/01,11,3,3571,03783310,AAPL,APPLE INC,Q,A,R,7,3,3571,,201.55000,27301274,0.018341,4531395,4,4,203.17000,0.006666,0.003592,0.007672
14593,2019/07/02,11,3,3571,03783310,AAPL,APPLE INC,Q,A,R,7,3,3571,,202.73000,16934518,0.005855,4531395,4,4,201.41000,0.002012,-0.002689,0.002928
14593,2019/07/03,11,3,3571,03783310,AAPL,APPLE INC,Q,A,R,7,3,3571,,204.41000,11359745,0.008287,4531395,4,4,203.28000,0.007696,0.005094,0.007672
14593,2019/07/05,11,3,3571,03783310,AAPL,APPLE INC,Q,A,R,7,3,3571,,204.23000,17256918,-0.000881,4531395,4,4,203.35001,-0.001125,0.001502,-0.001806
14593,2019/07/08,11,3,3571,03783310,AAPL,APPLE INC,Q,A,R,7,3,3571,,200.02000,25333443,-0.020614,4531395,4,4,200.81000,-0.005365,-0.005379,-0.004835
14593,2019/07/09,11,3,3571,03783310,AAPL,APPLE INC,Q,A,R,7,3,3571,,201.24001,20569915,0.006099,4531395,4,4,199.20000,0.001762,0.000305,0.001237
14593,2019/07/10,11,3,3571,03783310,AAPL,APPLE INC,Q,A,R,7,3,3571,,203.23000,17892756,0.009889,4531395,4,4,201.85001,0.004054,0.003225,0.004511
14593,2019/07/11,11,3,3571,03783310,AAPL,APPLE INC,Q,A,R,7,3,3571,,201.75000,20177392,-0.007282,4531395,4,4,203.31000,0.001232,-0.002149,0.002285
14593,2019/07/12,11,3,3571,03783310,AAPL,APPLE INC,Q,A,R,7,3,3571,,203.30000,17586813,0.007683,4531395,4,4,202.45000,0.004673,0.003242,0.004620
14593,2019/07/15,11,3,3571,03783310,AAPL,APPLE INC,Q,A,R,7,3,3571,,205.21001,16928121,0.009395,4531395,4,4,204.09000,-0.000159,-0.001609,0.000176
14593,2019/07/16,11,3,3571,03783310,AAPL,APPLE INC,Q,A,R,7,3,3571,,204.50000,16857399,-0.003460,4531395,4,4,204.59000,-0.002952,-0.001289,-0.003404
14593,2019/07/17,11,3,3571,03783310,AAPL,APPLE INC,Q,A,R,7,3,3571,,203.35001,14096678,-0.005623,4531395,4,4,204.05000,-0.005594,-0.005351,-0.006531
14593,2019/07/18,11,3,3571,03783310,AAPL,APPLE INC,Q,A,R,7,3,3571,,205.66000,18574811,0.011360,4531395,4,4,204.00000,0.003364,-0.000484,0.003582
14593,2019/07/19,11,3,3571,03783310,AAPL,APPLE INC,Q,A,R,7,3,3571,,202.59000,20917720,-0.014928,4519180,4,4,205.78999,-0.005612,-0.003011,-0.006177
14593,2019/07/22,11,3,3571,03783310,AAPL,APPLE INC,Q,A,R,7,3,3571,,207.22000,22216354,0.022854,4519180,4,4,203.64999,0.002286,-0.001336,0.002829
14593,2019/07/23,11,3,3571,03783310,AAPL,APPLE INC,Q,A,R,7,3,3571,,208.84000,18334380,0.007818,4519180,4,4,208.46001,0.006250,0.002997,0.006848
14593,2019/07/24,11,3,3571,03783310,AAPL,APPLE INC,Q,A,R,7,3,3571,,208.67000,14986867,-0.000814,4519180,4,4,207.67000,0.006008,0.007624,0.004688
14593,2019/07/25,11,3,3571,03783310,AAPL,APPLE INC,Q,A,R,7,3,3571,,207.02000,13902767,-0.007907,4519180,4,4,208.89000,-0.006384,-0.008782,-0.005262
14593,2019/07/26,11,3,3571,03783310,AAPL,APPLE INC,Q,A,R,7,3,3571,,207.74001,17627074,0.003478,4519180,4,4,207.48000,0.007304,0.005888,0.007388
14593,2019/07/29,11,3,3571,03783310,AAPL,APPLE INC,Q,A,R,7,3,3571,,209.67999,21654489,0.009339,4519180,4,4,208.46001,-0.002677,-0.003894,-0.001616
14593,2019/07/30,11,3,3571,03783310,AAPL,APPLE INC,Q,A,R,7,3,3571,,208.78000,33896655,-0.004292,4519180,4,4,208.75999,-0.001279,0.005348,-0.002579
14593,2019/07/31,11,3,3571,03783310,AAPL,APPLE INC,Q,A,R,7,3,3571,,213.03999,69244350,0.020404,4519180,4,4,216.42000,-0.009979,-0.006988,-0.010886
14593,2019/08/01,11,3,3571,03783310,AAPL,APPLE INC,Q,A,R,7,3,3571,,208.42999,54311222,-0.021639,4519180,4,4,213.89999,-0.009219,-0.011820,-0.008999
14593,2019/08/02,11,3,3571,03783310,AAPL,APPLE INC,Q,A,R,7,3,3571,,204.02000,40847150,-0.021158,4519180,4,4,205.53000,-0.007805,-0.007407,-0.007283
14593,2019/08/05,11,3,3571,03783310,AAPL,APPLE INC,Q,A,R,7,3,3571,,193.34000,52387541,-0.052348,4519180,4,4,197.99001,-0.028423,-0.024731,-0.029778
14593,2019/08/06,11,3,3571,03783310,AAPL,APPLE INC,Q,A,R,7,3,3571,,197.00000,35819392,0.018930,4519180,4,4,196.31000,0.011900,0.005916,0.013017
14593,2019/08/07,11,3,3571,03783310,AAPL,APPLE INC,Q,A,R,7,3,3571,,199.03999,33363472,0.010355,4519180,4,4,195.41000,0.001289,0.000099,0.000767
14593,2019/08/08,11,3,3571,03783310,AAPL,APPLE INC,Q,A,R,7,3,3571,,203.42999,27004723,0.022056,4519180,4,4,200.20000,0.018530,0.012821,0.018762
14593,2019/08/09,11,3,3571,03783310,AAPL,APPLE INC,Q,A,R,7,3,3571,,200.99001,24613446,-0.008209,4519180,4,4,201.30000,-0.007192,-0.007476,-0.006617
14593,2019/08/12,11,3,3571,03783310,AAPL,APPLE INC,Q,A,R,7,3,3571,,200.48000,22468589,-0.002537,4519180,4,4,199.62000,-0.012019,-0.009434,-0.012184
14593,2019/08/13,11,3,3571,03783310,AAPL,APPLE INC,Q,A,R,7,3,3571,,208.97000,47535186,0.042348,4519180,4,4,201.02000,0.013317,0.007568,0.014994
14593,2019/08/14,11,3,3571,03783310,AAPL,APPLE INC,Q,A,R,7,3,3571,,202.75000,36538683,-0.029765,4519180,4,4,203.16000,-0.027826,-0.024169,-0.029293
14593,2019/08/15,11,3,3571,03783310,AAPL,APPLE INC,Q,A,R,7,3,3571,,201.74001,27879916,-0.004981,4519180,4,4,203.46001,0.001777,-0.003952,0.002464
14593,2019/08/16,11,3,3571,03783310,AAPL,APPLE INC,Q,A,R,7,3,3571,,206.50000,28807925,0.023595,4519180,4,4,204.28000,0.014891,0.015547,0.014426
14593,2019/08/19,11,3,3571,03783310,AAPL,APPLE INC,Q,A,R,7,3,3571,,210.35001,24422407,0.018644,4519180,4,4,210.62000,0.010675,0.009701,0.012106
14593,2019/08/20,11,3,3571,03783310,AAPL,APPLE INC,Q,A,R,7,3,3571,,210.36000,26913129,0.000048,4519180,4,4,210.88000,-0.006749,-0.002874,-0.007915
14593,2019/08/21,11,3,3571,03783310,AAPL,APPLE INC,Q,A,R,7,3,3571,,212.64000,21563248,0.010839,4519180,4,4,212.99001,0.007927,0.006829,0.008247
14593,2019/08/22,11,3,3571,03783310,AAPL,APPLE INC,Q,A,R,7,3,3571,,212.46001,22257315,-0.000846,4519180,4,4,213.19000,-0.001010,-0.002545,-0.000506
14593,2019/08/23,11,3,3571,03783310,AAPL,APPLE INC,Q,A,R,7,3,3571,,202.64000,46863844,-0.046220,4519180,4,4,209.42999,-0.024254,-0.020065,-0.025946
14593,2019/08/26,11,3,3571,03783310,AAPL,APPLE INC,Q,A,R,7,3,3571,,206.49001,26063130,0.018999,4519180,4,4,205.86000,0.009976,0.006578,0.010983
14593,2019/08/27,11,3,3571,03783310,AAPL,APPLE INC,Q,A,R,7,3,3571,,204.16000,25896044,-0.011284,4519180,4,4,207.86000,-0.003859,-0.008679,-0.003203
14593,2019/08/28,11,3,3571,03783310,AAPL,APPLE INC,Q,A,R,7,3,3571,,205.53000,15949732,0.006710,4519180,4,4,204.10001,0.006323,0.008018,0.006545
14593,2019/08/29,11,3,3571,03783310,AAPL,APPLE INC,Q,A,R,7,3,3571,,209.00999,21004630,0.016932,4519180,4,4,208.50000,0.012551,0.010907,0.012687
14593,2019/08/30,11,3,3571,03783310,AAPL,APPLE INC,Q,A,R,7,3,3571,,208.74001,21161461,-0.001292,4519180,4,4,210.16000,0.000647,0.001053,0.000643
14593,2019/09/03,11,3,3571,03783310,AAPL,APPLE INC,Q,A,R,7,3,3571,,205.70000,20053174,-0.014564,4519180,4,4,206.42999,-0.007200,-0.008656,-0.006899
14593,2019/09/04,11,3,3571,03783310,AAPL,APPLE INC,Q,A,R,7,3,3571,,209.19000,19211820,0.016966,4519180,4,4,208.39000,0.010731,0.008953,0.010842
14593,2019/09/05,11,3,3571,03783310,AAPL,APPLE INC,Q,A,R,7,3,3571,,213.28000,23939878,0.019552,4519180,4,4,212.00000,0.012384,0.012068,0.013010
14593,2019/09/06,11,3,3571,03783310,AAPL,APPLE INC,Q,A,R,7,3,3571,,213.25999,19356432,-0.000094,4519180,4,4,214.05000,0.000270,0.000926,0.000911
14593,2019/09/09,11,3,3571,03783310,AAPL,APPLE INC,Q,A,R,7,3,3571,,214.17000,27297513,0.004267,4519180,4,4,214.84000,0.000597,0.007296,-0.000094
14593,2019/09/10,11,3,3571,03783310,AAPL,APPLE INC,Q,A,R,7,3,3571,,216.70000,31768578,0.011813,4519180,4,4,213.86000,0.001209,0.009903,0.000322
14593,2019/09/11,11,3,3571,03783310,AAPL,APPLE INC,Q,A,R,7,3,3571,,223.59000,44257876,0.031795,4519180,4,4,218.07001,0.008121,0.012987,0.007230
14593,2019/09/12,11,3,3571,03783310,AAPL,APPLE INC,Q,A,R,7,3,3571,,223.08501,32218891,-0.002259,4519180,4,4,224.80000,0.002394,0.000011,0.002879
14593,2019/09/13,11,3,3571,03783310,AAPL,APPLE INC,Q,A,R,7,3,3571,,218.75000,39760996,-0.019432,4519180,4,4,220.00000,-0.000402,0.001892,-0.000724
14593,2019/09/16,11,3,3571,03783310,AAPL,APPLE INC,Q,A,R,7,3,3571,,219.89999,21154486,0.005257,4519180,4,4,217.73000,-0.001251,0.004686,-0.003136
14593,2019/09/17,11,3,3571,03783310,AAPL,APPLE INC,Q,A,R,7,3,3571,,220.70000,18382388,0.003638,4519180,4,4,219.96001,0.002169,-0.002837,0.002582
14593,2019/09/18,11,3,3571,03783310,AAPL,APPLE INC,Q,A,R,7,3,3571,,222.77000,25635196,0.009379,4519180,4,4,221.06000,-0.000724,-0.004144,0.000343
14593,2019/09/19,11,3,3571,03783310,AAPL,APPLE INC,Q,A,R,7,3,3571,,220.96001,22180876,-0.008125,4519180,4,4,222.00999,-0.000145,-0.001899,0.000020
14593,2019/09/20,11,3,3571,03783310,AAPL,APPLE INC,Q,A,R,7,3,3571,,217.73000,57988486,-0.014618,4519180,4,4,221.38000,-0.004082,0.000365,-0.004896
14593,2019/09/23,11,3,3571,03783310,AAPL,APPLE INC,Q,A,R,7,3,3571,,218.72000,19410863,0.004547,4519180,4,4,218.95000,-0.000094,-0.001491,-0.000097
14593,2019/09/24,11,3,3571,03783310,AAPL,APPLE INC,Q,A,R,7,3,3571,,217.67999,31431174,-0.004755,4519180,4,4,221.03000,-0.009181,-0.012349,-0.008416
14593,2019/09/25,11,3,3571,03783310,AAPL,APPLE INC,Q,A,R,7,3,3571,,221.03000,22474707,0.015390,4519180,4,4,218.55000,0.005652,0.002551,0.006159
14593,2019/09/26,11,3,3571,03783310,AAPL,APPLE INC,Q,A,R,7,3,3571,,219.89000,19084919,-0.005158,4519180,4,4,220.00000,-0.003072,-0.006435,-0.002429
14593,2019/09/27,11,3,3571,03783310,AAPL,APPLE INC,Q,A,R,7,3,3571,,218.82001,25355885,-0.004866,4443236,4,4,220.53999,-0.005689,-0.006139,-0.005316
14593,2019/09/30,11,3,3571,03783310,AAPL,APPLE INC,Q,A,R,7,3,3571,,223.97000,26316121,0.023535,4443236,4,4,220.89999,0.004452,0.000793,0.005048
14593,2019/10/01,11,3,3571,03783310,AAPL,APPLE INC,Q,A,R,7,3,3571,,224.59000,36184163,0.002768,4443236,4,4,225.07001,-0.012535,-0.013112,-0.012258
14593,2019/10/02,11,3,3571,03783310,AAPL,APPLE INC,Q,A,R,7,3,3571,,218.96001,35762557,-0.025068,4443236,4,4,223.06000,-0.016123,-0.011593,-0.017903
14593,2019/10/03,11,3,3571,03783310,AAPL,APPLE INC,Q,A,R,7,3,3571,,220.82001,30339486,0.008495,4443236,4,4,218.42999,0.007635,0.004945,0.007972
14593,2019/10/04,11,3,3571,03783310,AAPL,APPLE INC,Q,A,R,7,3,3571,,227.00999,34738253,0.028032,4443236,4,4,225.64000,0.012663,0.006928,0.014217
14593,2019/10/07,11,3,3571,03783310,AAPL,APPLE INC,Q,A,R,7,3,3571,,227.06000,30880517,0.000220,4443236,4,4,226.27000,-0.003916,-0.002572,-0.004478
14593,2019/10/08,11,3,3571,03783310,AAPL,APPLE INC,Q,A,R,7,3,3571,,224.39999,29293920,-0.011715,4443236,4,4,225.82001,-0.015074,-0.012203,-0.015561
14593,2019/10/09,11,3,3571,03783310,AAPL,APPLE INC,Q,A,R,7,3,3571,,227.03000,19024974,0.011720,4443236,4,4,227.03000,0.008365,0.002602,0.009105
14593,2019/10/10,11,3,3571,03783310,AAPL,APPLE INC,Q,A,R,7,3,3571,,230.09000,28957404,0.013478,4443236,4,4,227.92999,0.005609,0.001782,0.006416
14593,2019/10/11,11,3,3571,03783310,AAPL,APPLE INC,Q,A,R,7,3,3571,,236.21001,41980095,0.026598,4443236,4,4,232.95000,0.011399,0.012407,0.010939
14593,2019/10/14,11,3,3571,03783310,AAPL,APPLE INC,Q,A,R,7,3,3571,,235.87000,24418600,-0.001439,4443236,4,4,234.89999,-0.001619,-0.001781,-0.001387
14593,2019/10/15,11,3,3571,03783310,AAPL,APPLE INC,Q,A,R,7,3,3571,,235.32001,23030284,-0.002332,4443236,4,4,236.39000,0.009103,0.008558,0.009956
14593,2019/10/16,11,3,3571,03783310,AAPL,APPLE INC,Q,A,R,7,3,3571,,234.37000,19272384,-0.004037,4443236,4,4,233.37000,-0.001892,0.001273,-0.002000
14593,2019/10/17,11,3,3571,03783310,AAPL,APPLE INC,Q,A,R,7,3,3571,,235.28000,17259800,0.003883,4443236,4,4,235.09000,0.003689,0.005286,0.002763
14593,2019/10/18,11,3,3571,03783310,AAPL,APPLE INC,Q,A,R,7,3,3571,,236.41000,24371893,0.004803,4443265,4,4,234.59000,-0.003714,-0.002769,-0.003919
14593,2019/10/21,11,3,3571,03783310,AAPL,APPLE INC,Q,A,R,7,3,3571,,240.50999,22363146,0.017343,4443265,4,4,237.52000,0.006672,0.005955,0.006872
14593,2019/10/22,11,3,3571,03783310,AAPL,APPLE INC,Q,A,R,7,3,3571,,239.96001,22677125,-0.002287,4443265,4,4,241.16000,-0.003282,-0.000518,-0.003569
14593,2019/10/23,11,3,3571,03783310,AAPL,APPLE INC,Q,A,R,7,3,3571,,243.17999,19927683,0.013419,4443265,4,4,242.10001,0.002376,0.003058,0.002847
14593,2019/10/24,11,3,3571,03783310,AAPL,APPLE INC,Q,A,R,7,3,3571,,243.58000,17980028,0.001645,4443265,4,4,244.50999,0.002351,-0.001025,0.001920
14593,2019/10/25,11,3,3571,03783310,AAPL,APPLE INC,Q,A,R,7,3,3571,,246.58000,18359296,0.012316,4443265,4,4,243.16000,0.004069,0.003953,0.004073
14593,2019/10/28,11,3,3571,03783310,AAPL,APPLE INC,Q,A,R,7,3,3571,,249.05000,24408400,0.010017,4443265,4,4,247.42000,0.005235,0.003627,0.005581
14593,2019/10/29,11,3,3571,03783310,AAPL,APPLE INC,Q,A,R,7,3,3571,,243.28999,35691101,-0.023128,4443265,4,4,248.97000,-0.000574,-0.000548,-0.000832
14593,2019/10/30,11,3,3571,03783310,AAPL,APPLE INC,Q,A,R,7,3,3571,,243.25999,31078874,-0.000123,4443265,4,4,244.75999,0.002779,-0.001200,0.003253
14593,2019/10/31,11,3,3571,03783310,AAPL,APPLE INC,Q,A,R,7,3,3571,,248.75999,34783102,0.022610,4443265,4,4,247.24001,-0.003481,-0.004344,-0.003023
14593,2019/11/01,11,3,3571,03783310,AAPL,APPLE INC,Q,A,R,7,3,3571,,255.82001,37774144,0.028381,4443265,4,4,249.53999,0.010211,0.013004,0.009662
14593,2019/11/04,11,3,3571,03783310,AAPL,APPLE INC,Q,A,R,7,3,3571,,257.50000,25816252,0.006567,4443265,4,4,257.32999,0.003762,0.006466,0.003704
14593,2019/11/05,11,3,3571,03783310,AAPL,APPLE INC,Q,A,R,7,3,3571,,257.13000,19971327,-0.001437,4443265,4,4,257.04999,-0.001070,0.000941,-0.001186
14593,2019/11/06,11,3,3571,03783310,AAPL,APPLE INC,Q,A,R,7,3,3571,,257.23999,18963537,0.000428,4443265,4,4,256.76999,-0.000325,-0.004803,0.000703
14593,2019/11/07,11,3,3571,03783310,AAPL,APPLE INC,Q,A,R,7,3,3571,,259.42999,23728280,0.011507,4443265,4,4,258.73999,0.002843,0.000340,0.002730
14593,2019/11/08,11,3,3571,03783310,AAPL,APPLE INC,Q,A,R,7,3,3571,,260.14001,17511913,0.002737,4443265,4,4,258.69000,0.002641,0.000841,0.002561
14593,2019/11/11,11,3,3571,03783310,AAPL,APPLE INC,Q,A,R,7,3,3571,,262.20001,21149174,0.007919,4443265,4,4,258.29999,-0.001637,-0.002542,-0.001962
14593,2019/11/12,11,3,3571,03783310,AAPL,APPLE INC,Q,A,R,7,3,3571,,261.95999,21827393,-0.000915,4443265,4,4,261.54999,0.001141,-0.001035,0.001565
14593,2019/11/13,11,3,3571,03783310,AAPL,APPLE INC,Q,A,R,7,3,3571,,264.47000,25881532,0.009582,4443265,4,4,261.13000,0.000337,-0.004135,0.000712
14593,2019/11/14,11,3,3571,03783310,AAPL,APPLE INC,Q,A,R,7,3,3571,,262.64001,22377905,-0.006919,4443265,4,4,263.75000,0.000986,-0.001756,0.000837
14593,2019/11/15,11,3,3571,03783310,AAPL,APPLE INC,Q,A,R,7,3,3571,,265.76001,25083852,0.011879,4443265,4,4,263.67999,0.007074,0.004136,0.007695
14593,2019/11/18,11,3,3571,03783310,AAPL,APPLE INC,Q,A,R,7,3,3571,,267.10001,21690097,0.005042,4443265,4,4,265.79999,0.000149,-0.003061,0.000503
14593,2019/11/19,11,3,3571,03783310,AAPL,APPLE INC,Q,A,R,7,3,3571,,266.29001,19061281,-0.003033,4443265,4,4,267.89999,0.000027,0.001460,-0.000593
14593,2019/11/20,11,3,3571,03783310,AAPL,APPLE INC,Q,A,R,7,3,3571,,263.19000,26606019,-0.011641,4443265,4,4,265.54001,-0.002961,-0.002946,-0.003756
14593,2019/11/21,11,3,3571,03783310,AAPL,APPLE INC,Q,A,R,7,3,3571,,262.01001,30393258,-0.004483,4443265,4,4,263.69000,-0.001707,-0.000985,-0.001583
14593,2019/11/22,11,3,3571,03783310,AAPL,APPLE INC,Q,A,R,7,3,3571,,261.78000,16325558,-0.000878,4443265,4,4,262.59000,0.002014,0.003557,0.002175
14593,2019/11/25,11,3,3571,03783310,AAPL,APPLE INC,Q,A,R,7,3,3571,,266.37000,21026717,0.017534,4443265,4,4,262.70999,0.008561,0.011192,0.007507
14593,2019/11/26,11,3,3571,03783310,AAPL,APPLE INC,Q,A,R,7,3,3571,,264.29001,26328512,-0.007809,4443265,4,4,266.94000,0.002219,0.000465,0.002196
14593,2019/11/27,11,3,3571,03783310,AAPL,APPLE INC,Q,A,R,7,3,3571,,267.84000,16383606,0.013432,4443265,4,4,265.57999,0.004319,0.005769,0.004174
14593,2019/11/29,11,3,3571,03783310,AAPL,APPLE INC,Q,A,R,7,3,3571,,267.25000,11654164,-0.002203,4443265,4,4,266.60001,-0.004046,-0.000236,-0.004011
14593,2019/12/02,11,3,3571,03783310,AAPL,APPLE INC,Q,A,R,7,3,3571,,264.16000,23661572,-0.011562,4443265,4,4,267.26999,-0.008545,-0.006343,-0.008631
14593,2019/12/03,11,3,3571,03783310,AAPL,APPLE INC,Q,A,R,7,3,3571,,259.45001,29322658,-0.017830,4443265,4,4,258.31000,-0.005643,-0.002800,-0.006638
14593,2019/12/04,11,3,3571,03783310,AAPL,APPLE INC,Q,A,R,7,3,3571,,261.73999,16798262,0.008826,4443265,4,4,261.07001,0.006029,0.005447,0.006324
14593,2019/12/05,11,3,3571,03783310,AAPL,APPLE INC,Q,A,R,7,3,3571,,265.57999,18863738,0.014671,4443265,4,4,263.79001,0.001102,-0.000491,0.001500
14593,2019/12/06,11,3,3571,03783310,AAPL,APPLE INC,Q,A,R,7,3,3571,,270.70999,26518485,0.019316,4443265,4,4,267.48001,0.008432,0.008005,0.009136
14593,2019/12/09,11,3,3571,03783310,AAPL,APPLE INC,Q,A,R,7,3,3571,,266.92001,32156321,-0.014000,4443265,4,4,270.00000,-0.002700,0.000526,-0.003163
14593,2019/12/10,11,3,3571,03783310,AAPL,APPLE INC,Q,A,R,7,3,3571,,268.48001,22590093,0.005844,4443265,4,4,268.60001,-0.000695,0.001636,-0.001097
14593,2019/12/11,11,3,3571,03783310,AAPL,APPLE INC,Q,A,R,7,3,3571,,270.76999,19703741,0.008529,4443265,4,4,268.81000,0.002739,0.002606,0.002908
14593,2019/12/12,11,3,3571,03783310,AAPL,APPLE INC,Q,A,R,7,3,3571,,271.45999,34375256,0.002548,4443265,4,4,267.78000,0.007859,0.007406,0.008575
14593,2019/12/13,11,3,3571,03783310,AAPL,APPLE INC,Q,A,R,7,3,3571,,275.14999,33380811,0.013593,4443265,4,4,271.45999,0.000027,-0.000715,0.000073
14593,2019/12/16,11,3,3571,03783310,AAPL,APPLE INC,Q,A,R,7,3,3571,,279.85999,32053548,0.017118,4443265,4,4,277.00000,0.007073,0.005041,0.007148
14593,2019/12/17,11,3,3571,03783310,AAPL,APPLE INC,Q,A,R,7,3,3571,,280.41000,28559039,0.001965,4443265,4,4,279.57001,0.000547,0.002179,0.000335
14593,2019/12/18,11,3,3571,03783310,AAPL,APPLE INC,Q,A,R,7,3,3571,,279.73999,29006028,-0.002389,4443265,4,4,279.79999,0.000228,0.002202,-0.000432
14593,2019/12/19,11,3,3571,03783310,AAPL,APPLE INC,Q,A,R,7,3,3571,,280.01999,24604314,0.001001,4443265,4,4,279.50000,0.004193,0.003721,0.004459
14593,2019/12/20,11,3,3571,03783310,AAPL,APPLE INC,Q,A,R,7,3,3571,,279.44000,68999972,-0.002071,4443265,4,4,282.23001,0.004535,0.002899,0.004945
14593,2019/12/23,11,3,3571,03783310,AAPL,APPLE INC,Q,A,R,7,3,3571,,284.00000,24645515,0.016318,4443265,4,4,280.53000,0.000956,0.003865,0.000866
14593,2019/12/24,11,3,3571,03783310,AAPL,APPLE INC,Q,A,R,7,3,3571,,284.26999,12105327,0.000951,4443265,4,4,284.69000,0.000379,0.003556,-0.000195
14593,2019/12/26,11,3,3571,03783310,AAPL,APPLE INC,Q,A,R,7,3,3571,,289.91000,23320594,0.019840,4443265,4,4,284.82001,0.004616,0.003437,0.005128
14593,2019/12/27,11,3,3571,03783310,AAPL,APPLE INC,Q,A,R,7,3,3571,,289.79999,36547580,-0.000379,4384959,4,4,291.12000,-0.000643,-0.002284,0.000034
14593,2019/12/30,11,3,3571,03783310,AAPL,APPLE INC,Q,A,R,7,3,3571,,291.51999,36075285,0.005935,4384959,4,4,289.45999,-0.005105,-0.001236,-0.005781
14593,2019/12/31,11,3,3571,03783310,AAPL,APPLE INC,Q,A,R,7,3,3571,,293.64999,25211173,0.007307,4384959,4,4,289.92999,0.002963,0.005045,0.002946
